source	age	pdens
c14bazAAR	55000	37.62172111388601
c14bazAAR	54900	16.732919001301767
c14bazAAR	54800	12.161100263635923
c14bazAAR	54700	10.273858713704232
c14bazAAR	54600	9.254885309085148
c14bazAAR	54500	8.62500220417041
c14bazAAR	54400	8.201333919633374
c14bazAAR	54300	7.905941624334132
c14bazAAR	54200	7.6993900792703105
c14bazAAR	54100	7.559451113259943
c14bazAAR	54000	7.4779717643059325
c14bazAAR	53900	7.446160679297652
c14bazAAR	53800	7.464896574510125
c14bazAAR	53700	7.530441098406072
c14bazAAR	53600	7.637433601995818
c14bazAAR	53500	7.768085399423022
c14bazAAR	53400	7.894008415118749
c14bazAAR	53300	8.01405418164677
c14bazAAR	53200	8.157256995698434
c14bazAAR	53100	8.311950162880636
c14bazAAR	53000	8.35811739041276
c14bazAAR	52900	8.199721827716923
c14bazAAR	52800	7.955562093614475
c14bazAAR	52700	7.737824948313627
c14bazAAR	52600	7.49530994950956
c14bazAAR	52500	7.1962473750289755
c14bazAAR	52400	6.932755650385915
c14bazAAR	52300	6.731488264256598
c14bazAAR	52200	6.543797011507622
c14bazAAR	52100	6.355608241844212
c14bazAAR	52000	6.1828037540294405
c14bazAAR	51900	6.029637976985278
c14bazAAR	51800	5.887875302196442
c14bazAAR	51700	5.776065620090427
c14bazAAR	51600	5.71380335991243
c14bazAAR	51500	5.705335969902071
c14bazAAR	51400	5.724727997623038
c14bazAAR	51300	5.73621942167541
c14bazAAR	51200	5.719951551113782
c14bazAAR	51100	5.662744174067783
c14bazAAR	51000	5.5898709596031315
c14bazAAR	50900	5.558744704975197
c14bazAAR	50800	5.583358346420283
c14bazAAR	50700	5.614712729298226
c14bazAAR	50600	5.63335966166954
c14bazAAR	50500	5.706939247787968
c14bazAAR	50400	5.806600844486411
c14bazAAR	50300	5.9208154109403335
c14bazAAR	50200	6.089670902256317
c14bazAAR	50100	6.30829619933385
c14bazAAR	50000	6.567776329137396
c14bazAAR	49900	6.854067396759182
c14bazAAR	49800	7.133835765997851
c14bazAAR	49700	7.367967709293291
c14bazAAR	49600	7.513807579047564
c14bazAAR	49500	7.572666339139453
c14bazAAR	49400	7.601859660921238
c14bazAAR	49300	7.59967911815563
c14bazAAR	49200	7.614746176786149
c14bazAAR	49100	7.679412230897132
c14bazAAR	49000	7.76581331217257
c14bazAAR	48900	7.882191227557927
c14bazAAR	48800	7.988088582018663
c14bazAAR	48700	8.135344038254628
c14bazAAR	48600	8.323073832248811
c14bazAAR	48500	8.592211010259549
c14bazAAR	48400	8.9837897382115
c14bazAAR	48300	9.375082310235848
c14bazAAR	48200	9.755802066283096
c14bazAAR	48100	10.146042929328162
c14bazAAR	48000	10.5843605043738
c14bazAAR	47900	11.044568318624718
c14bazAAR	47800	11.589284082079716
c14bazAAR	47700	12.096975951542776
c14bazAAR	47600	12.493581262078038
c14bazAAR	47500	12.785069493595008
c14bazAAR	47400	13.093620490605574
c14bazAAR	47300	13.20668896452785
c14bazAAR	47200	13.303645883339236
c14bazAAR	47100	13.43616641503098
c14bazAAR	47000	13.28294250721274
c14bazAAR	46900	12.52054647239734
c14bazAAR	46800	11.874531805481856
c14bazAAR	46700	12.093994387815314
c14bazAAR	46600	12.603832899695115
c14bazAAR	46500	12.809940678297853
c14bazAAR	46400	12.943920637625387
c14bazAAR	46300	13.300445405759294
c14bazAAR	46200	13.921891461254386
c14bazAAR	46100	14.699710639267446
c14bazAAR	46000	15.766752655316523
c14bazAAR	45900	17.262415575383045
c14bazAAR	45800	17.84697158324765
c14bazAAR	45700	17.913584605952913
c14bazAAR	45600	17.898118709826846
c14bazAAR	45500	17.95916410415817
c14bazAAR	45400	18.080177994954017
c14bazAAR	45300	18.10046359467181
c14bazAAR	45200	18.114944976925184
c14bazAAR	45100	18.2939720311399
c14bazAAR	45000	18.719600639285204
c14bazAAR	44900	19.562641787554096
c14bazAAR	44800	20.777820054969343
c14bazAAR	44700	22.49453714848431
c14bazAAR	44600	23.942454673979128
c14bazAAR	44500	24.969051726182325
c14bazAAR	44400	26.45019182439038
c14bazAAR	44300	27.880984264250433
c14bazAAR	44200	27.80370449355837
c14bazAAR	44100	26.76988262845655
c14bazAAR	44000	25.77295678887363
c14bazAAR	43900	25.334078807157624
c14bazAAR	43800	25.431358872964186
c14bazAAR	43700	25.30980614775064
c14bazAAR	43600	25.098984384115955
c14bazAAR	43500	24.988060130133647
c14bazAAR	43400	25.37453320399119
c14bazAAR	43300	26.98438443889928
c14bazAAR	43200	31.282318150148978
c14bazAAR	43100	39.14271501711075
c14bazAAR	43000	42.74629168011956
c14bazAAR	42900	40.06064214879217
c14bazAAR	42800	42.61455391867146
c14bazAAR	42700	47.13112169855977
c14bazAAR	42600	49.746813705190185
c14bazAAR	42500	48.10868799880963
c14bazAAR	42400	50.6922931326736
c14bazAAR	42300	54.97733727862994
c14bazAAR	42200	51.39445777458136
c14bazAAR	42100	45.73149064623706
c14bazAAR	42000	42.230524929141545
c14bazAAR	41900	39.57446594203073
c14bazAAR	41800	37.40869330001521
c14bazAAR	41700	36.06786466571392
c14bazAAR	41600	35.61248936568861
c14bazAAR	41500	35.31546841487674
c14bazAAR	41400	35.12500623406372
c14bazAAR	41300	35.91740249574213
c14bazAAR	41200	36.043646874061594
c14bazAAR	41100	34.19646106904622
c14bazAAR	41000	32.32249608227667
c14bazAAR	40900	31.46380771708403
c14bazAAR	40800	31.437850734745744
c14bazAAR	40700	31.63026200218332
c14bazAAR	40600	31.66022658282851
c14bazAAR	40500	31.818747824911245
c14bazAAR	40400	32.705660805755066
c14bazAAR	40300	33.43116422783299
c14bazAAR	40200	33.7819027023387
c14bazAAR	40100	33.93445092858694
c14bazAAR	40000	33.22329387691942
c14bazAAR	39900	31.914337541269113
c14bazAAR	39800	31.259864037410026
c14bazAAR	39700	31.087486514542213
c14bazAAR	39600	31.062437497581048
c14bazAAR	39500	31.0702732990159
c14bazAAR	39400	31.4834773276247
c14bazAAR	39300	32.68905087066228
c14bazAAR	39200	32.43105258715599
c14bazAAR	39100	29.239639730196416
c14bazAAR	39000	27.571954393264303
c14bazAAR	38900	27.082499682780345
c14bazAAR	38800	26.88479613531508
c14bazAAR	38700	26.794684159937734
c14bazAAR	38600	26.738999643879637
c14bazAAR	38500	26.59635950103085
c14bazAAR	38400	26.513062212692812
c14bazAAR	38300	26.60863718079298
c14bazAAR	38200	26.8489114864272
c14bazAAR	38100	27.108548164346296
c14bazAAR	38000	27.211061155687588
c14bazAAR	37900	27.111573197349077
c14bazAAR	37800	27.17120339700952
c14bazAAR	37700	28.03297803966476
c14bazAAR	37600	30.573533866780217
c14bazAAR	37500	33.76830547407719
c14bazAAR	37400	35.00495287696995
c14bazAAR	37300	35.41271768227205
c14bazAAR	37200	35.672932564613774
c14bazAAR	37100	36.32099571950671
c14bazAAR	37000	38.28470884743618
c14bazAAR	36900	41.06320042481383
c14bazAAR	36800	43.30165421649491
c14bazAAR	36700	44.9225653853469
c14bazAAR	36600	46.750406611813986
c14bazAAR	36500	49.46640405242091
c14bazAAR	36400	53.38504177676183
c14bazAAR	36300	56.48450786265739
c14bazAAR	36200	54.89350900137072
c14bazAAR	36100	52.060558615860174
c14bazAAR	36000	49.83117596060373
c14bazAAR	35900	48.45897937984217
c14bazAAR	35800	47.729411332654465
c14bazAAR	35700	46.749777970993506
c14bazAAR	35600	45.80969124322398
c14bazAAR	35500	45.575094788038136
c14bazAAR	35400	45.751581218701936
c14bazAAR	35300	43.879920589717955
c14bazAAR	35200	40.92610568652431
c14bazAAR	35100	40.34033579329526
c14bazAAR	35000	40.39784140649773
c14bazAAR	34900	40.394193560734166
c14bazAAR	34800	40.57135102902752
c14bazAAR	34700	41.71937901947676
c14bazAAR	34600	43.91422083637421
c14bazAAR	34500	46.58213576413045
c14bazAAR	34400	45.450026681334336
c14bazAAR	34300	41.87406394350378
c14bazAAR	34200	38.61914114392963
c14bazAAR	34100	36.32366932523395
c14bazAAR	34000	35.05362837377022
c14bazAAR	33900	34.232638896995255
c14bazAAR	33800	33.47527989699894
c14bazAAR	33700	32.9405979280078
c14bazAAR	33600	32.931361296589614
c14bazAAR	33500	32.880092837968895
c14bazAAR	33400	32.80997534157122
c14bazAAR	33300	32.46232090599937
c14bazAAR	33200	33.16620553086104
c14bazAAR	33100	34.0884126616175
c14bazAAR	33000	33.520262067939676
c14bazAAR	32900	33.47978856614062
c14bazAAR	32800	34.128643079253656
c14bazAAR	32700	34.59214250595553
c14bazAAR	32600	34.342379992271034
c14bazAAR	32500	33.84612276194813
c14bazAAR	32400	33.65463927965003
c14bazAAR	32300	33.777274834440576
c14bazAAR	32200	34.93257295659985
c14bazAAR	32100	36.80973006432478
c14bazAAR	32000	38.75157513852675
c14bazAAR	31900	40.61069516514943
c14bazAAR	31800	42.25739809889491
c14bazAAR	31700	44.56740932218101
c14bazAAR	31600	48.024197416126725
c14bazAAR	31500	50.92956761525516
c14bazAAR	31400	52.14451810765001
c14bazAAR	31300	55.326023239901595
c14bazAAR	31200	70.27703192239449
c14bazAAR	31100	80.2774047553046
c14bazAAR	31000	63.05466448516124
c14bazAAR	30900	54.432763134402045
c14bazAAR	30800	48.81734564374254
c14bazAAR	30700	46.99895196926376
c14bazAAR	30600	47.04371558175727
c14bazAAR	30500	47.22387357284324
c14bazAAR	30400	47.05987096724023
c14bazAAR	30300	49.82700997592694
c14bazAAR	30200	53.40384143759917
c14bazAAR	30100	55.35099865256216
c14bazAAR	30000	55.46058204689224
c14bazAAR	29900	44.7608762770601
c14bazAAR	29800	38.024839547404845
c14bazAAR	29700	36.3903678311205
c14bazAAR	29600	35.545714720665934
c14bazAAR	29500	35.19448111428822
c14bazAAR	29400	35.255671566059
c14bazAAR	29300	35.265962409113115
c14bazAAR	29200	42.866281867653875
c14bazAAR	29100	39.29106262648439
c14bazAAR	29000	39.16191732865668
c14bazAAR	28900	40.00596492062385
c14bazAAR	28800	41.597177569964046
c14bazAAR	28700	40.998280566948765
c14bazAAR	28600	37.52270848766999
c14bazAAR	28500	36.34358643737143
c14bazAAR	28400	36.23790944538457
c14bazAAR	28300	36.60102117282185
c14bazAAR	28200	37.96331648540589
c14bazAAR	28100	39.027165142671365
c14bazAAR	28000	40.86988470399711
c14bazAAR	27900	44.78308771085587
c14bazAAR	27800	52.363826717865905
c14bazAAR	27700	54.051252072679056
c14bazAAR	27600	53.07385035343591
c14bazAAR	27500	53.26620259412213
c14bazAAR	27400	53.84181623311344
c14bazAAR	27300	56.30774514144872
c14bazAAR	27200	47.74716543176661
c14bazAAR	27100	39.871353899602376
c14bazAAR	27000	35.985793341416986
c14bazAAR	26900	33.085647513013654
c14bazAAR	26800	32.3216651451397
c14bazAAR	26700	33.30767159618126
c14bazAAR	26600	33.30375168361487
c14bazAAR	26500	33.3129818501495
c14bazAAR	26400	33.27170614532844
c14bazAAR	26300	34.79633746121018
c14bazAAR	26200	35.48538086752419
c14bazAAR	26100	35.41640208234795
c14bazAAR	26000	37.579667797625326
c14bazAAR	25900	40.11905913694884
c14bazAAR	25800	38.06832892895316
c14bazAAR	25700	34.82456584155068
c14bazAAR	25600	34.80639079286446
c14bazAAR	25500	35.615023975548226
c14bazAAR	25400	35.253609343722026
c14bazAAR	25300	36.77235473300389
c14bazAAR	25200	37.876422347360005
c14bazAAR	25100	37.92932477954448
c14bazAAR	25000	37.49131724103041
c14bazAAR	24900	36.50418997498862
c14bazAAR	24800	36.325303066899046
c14bazAAR	24700	36.26280738808474
c14bazAAR	24600	36.30440604966317
c14bazAAR	24500	37.05940304924517
c14bazAAR	24400	37.33292820272735
c14bazAAR	24300	38.28411843434838
c14bazAAR	24200	41.58873733446423
c14bazAAR	24100	43.88315857269403
c14bazAAR	24000	45.13261106674
c14bazAAR	23900	47.0414131687675
c14bazAAR	23800	53.14317413402596
c14bazAAR	23700	39.58295693566057
c14bazAAR	23600	39.49081546492444
c14bazAAR	23500	43.6498525771355
c14bazAAR	23400	39.68079842164088
c14bazAAR	23300	40.691866408612455
c14bazAAR	23200	44.832755122522606
c14bazAAR	23100	51.45452321232387
c14bazAAR	23000	61.59285345421959
c14bazAAR	22900	48.86860896390457
c14bazAAR	22800	41.83575346511176
c14bazAAR	22700	41.34509982021162
c14bazAAR	22600	40.81683489902431
c14bazAAR	22500	42.53193177201254
c14bazAAR	22400	48.206312223663865
c14bazAAR	22300	44.47100512518595
c14bazAAR	22200	42.33016472602991
c14bazAAR	22100	41.22492158609377
c14bazAAR	22000	41.500579065867754
c14bazAAR	21900	40.14355545227792
c14bazAAR	21800	36.94108928606528
c14bazAAR	21700	34.30613998798056
c14bazAAR	21600	34.09688401967524
c14bazAAR	21500	34.34506719616536
c14bazAAR	21400	34.752248035767046
c14bazAAR	21300	34.35651099380562
c14bazAAR	21200	34.120237882522964
c14bazAAR	21100	34.27771964404994
c14bazAAR	21000	35.79794739904991
c14bazAAR	20900	40.94530024875306
c14bazAAR	20800	40.511434617314414
c14bazAAR	20700	39.86131846369921
c14bazAAR	20600	40.34793750570311
c14bazAAR	20500	47.20325355825069
c14bazAAR	20400	45.61446344648317
c14bazAAR	20300	39.31507398125048
c14bazAAR	20200	35.21921868375494
c14bazAAR	20100	34.09202160206625
c14bazAAR	20000	34.690646435186395
c14bazAAR	19900	34.82231703048529
c14bazAAR	19800	32.797501321326415
c14bazAAR	19700	32.907607348940296
c14bazAAR	19600	34.02460156239226
c14bazAAR	19500	43.37987619942075
c14bazAAR	19400	42.14599622548581
c14bazAAR	19300	42.03094481664259
c14bazAAR	19200	42.58899361247096
c14bazAAR	19100	49.45549815869719
c14bazAAR	19000	56.35666982148265
c14bazAAR	18900	65.55150381408288
c14bazAAR	18800	66.46296654169645
c14bazAAR	18700	62.51882009466792
c14bazAAR	18600	56.970950125577495
c14bazAAR	18500	56.01663283537032
c14bazAAR	18400	54.73124479730296
c14bazAAR	18300	58.81559246998882
c14bazAAR	18200	80.81396911960535
c14bazAAR	18100	64.23287315147189
c14bazAAR	18000	60.940788246404125
c14bazAAR	17900	56.8737001573789
c14bazAAR	17800	51.68128779847191
c14bazAAR	17700	50.00235578531162
c14bazAAR	17600	49.98253413078418
c14bazAAR	17500	50.02547103545032
c14bazAAR	17400	55.76536450414718
c14bazAAR	17300	61.3433347722569
c14bazAAR	17200	61.63726891149183
c14bazAAR	17100	62.03880638733688
c14bazAAR	17000	67.3028169771851
c14bazAAR	16900	62.84559396629113
c14bazAAR	16800	61.45351622952042
c14bazAAR	16700	60.85047646955648
c14bazAAR	16600	60.633404950674745
c14bazAAR	16500	61.35290919431009
c14bazAAR	16400	63.08389092935548
c14bazAAR	16300	66.23498134097844
c14bazAAR	16200	65.43318568450653
c14bazAAR	16100	64.47785533231225
c14bazAAR	16000	66.09391234159348
c14bazAAR	15900	71.30662714738891
c14bazAAR	15800	78.15455928264531
c14bazAAR	15700	88.4630016961731
c14bazAAR	15600	96.30666080486122
c14bazAAR	15500	98.49980011713652
c14bazAAR	15400	98.4093189592508
c14bazAAR	15300	100.99344871108086
c14bazAAR	15200	110.9824590080696
c14bazAAR	15100	120.48231564051754
c14bazAAR	15000	121.96903055488627
c14bazAAR	14900	111.16759057056062
c14bazAAR	14800	111.25081583781426
c14bazAAR	14700	109.0543325234118
c14bazAAR	14600	107.17250165265447
c14bazAAR	14500	108.12853264544265
c14bazAAR	14400	111.31320306335124
c14bazAAR	14300	127.32218454443732
c14bazAAR	14200	139.54747071427357
c14bazAAR	14100	170.09301687298458
c14bazAAR	14000	150.75315992795947
c14bazAAR	13900	153.95916832693555
c14bazAAR	13800	153.31527357902343
c14bazAAR	13700	162.92830996382935
c14bazAAR	13600	162.65393449683782
c14bazAAR	13500	173.5663448676827
c14bazAAR	13400	170.37615727339116
c14bazAAR	13300	157.01947655357398
c14bazAAR	13200	162.6843754289611
c14bazAAR	13100	210.88114102419115
c14bazAAR	13000	194.56438115115563
c14bazAAR	12900	191.1461956312828
c14bazAAR	12800	246.86262465996205
c14bazAAR	12700	189.82183814275672
c14bazAAR	12600	113.5413477075496
c14bazAAR	12500	118.38590811409684
c14bazAAR	12400	92.88809158371625
c14bazAAR	12300	95.41991462297986
c14bazAAR	12200	97.31651141552094
c14bazAAR	12100	92.94176501854604
c14bazAAR	12000	98.93533679349616
c14bazAAR	11900	122.69151773365398
c14bazAAR	11800	124.92136522953378
c14bazAAR	11700	125.15907295011046
c14bazAAR	11600	142.31676348422926
c14bazAAR	11500	136.6737846823393
c14bazAAR	11400	150.37873920717325
c14bazAAR	11300	221.42321272927052
c14bazAAR	11200	233.21401662091935
c14bazAAR	11100	173.6797802705528
c14bazAAR	11000	195.16155190405243
c14bazAAR	10900	173.60733817967608
c14bazAAR	10800	185.79246533268176
c14bazAAR	10700	207.21236273837872
c14bazAAR	10600	209.7171399356213
c14bazAAR	10500	229.80372203917267
c14bazAAR	10400	255.83434333793736
c14bazAAR	10300	271.14567973976585
c14bazAAR	10200	337.4797519679462
c14bazAAR	10100	215.83116745218612
c14bazAAR	10000	222.38746038330444
c14bazAAR	9900	215.02079976430525
c14bazAAR	9800	225.3932257949948
c14bazAAR	9700	266.50015131908293
c14bazAAR	9600	379.3146096983183
c14bazAAR	9500	456.1273244600163
c14bazAAR	9400	301.14806258317503
c14bazAAR	9300	294.83300375140493
c14bazAAR	9200	276.80859743588655
c14bazAAR	9100	287.3452248340818
c14bazAAR	9000	341.429490058422
c14bazAAR	8900	358.20438439433406
c14bazAAR	8800	360.6628505168389
c14bazAAR	8700	391.3781934041956
c14bazAAR	8600	466.51559422520495
c14bazAAR	8500	567.8707960039117
c14bazAAR	8400	519.4567720758733
c14bazAAR	8300	504.0202794851982
c14bazAAR	8200	500.7206627913706
c14bazAAR	8100	618.8555654213204
c14bazAAR	8000	728.5758736866931
c14bazAAR	7900	637.7998051649812
c14bazAAR	7800	618.5474523102243
c14bazAAR	7700	804.4713718486566
c14bazAAR	7600	965.6954056576452
c14bazAAR	7500	988.6810055830642
c14bazAAR	7400	839.1005089294342
c14bazAAR	7300	763.5671808699611
c14bazAAR	7200	1008.1990918743744
c14bazAAR	7100	1098.521925001909
c14bazAAR	7000	996.2488058275496
c14bazAAR	6900	871.0914378834086
c14bazAAR	6800	900.779086748257
c14bazAAR	6700	1119.2685604074163
c14bazAAR	6600	1041.2240974005176
c14bazAAR	6500	1047.853930239461
c14bazAAR	6400	1216.818405500598
c14bazAAR	6300	1218.1562029927804
c14bazAAR	6200	1284.5032817756396
c14bazAAR	6100	1037.1012743096037
c14bazAAR	6000	1018.5809711889848
c14bazAAR	5900	1061.800971074295
c14bazAAR	5800	1066.994324144362
c14bazAAR	5700	1307.075389327068
c14bazAAR	5600	1391.4638342881503
c14bazAAR	5500	1885.300454449225
c14bazAAR	5400	1705.1739039716056
c14bazAAR	5300	1152.9277976036176
c14bazAAR	5200	1071.7687233402387
c14bazAAR	5100	1050.8851393277498
c14bazAAR	5000	1141.716977352596
c14bazAAR	4900	1683.3798636883191
c14bazAAR	4800	1423.6439488471956
c14bazAAR	4700	1515.6016001791882
c14bazAAR	4600	1415.4233016702906
c14bazAAR	4500	1637.1641880483037
c14bazAAR	4400	1176.122980111803
c14bazAAR	4300	1179.288292789376
c14bazAAR	4200	1266.2468390770844
c14bazAAR	4100	1243.5632193313036
c14bazAAR	4000	1477.4581219951997
c14bazAAR	3900	1961.1764228172735
c14bazAAR	3800	1384.6074635896675
c14bazAAR	3700	1323.1140208394502
c14bazAAR	3600	1229.853937495697
c14bazAAR	3500	1615.289131588797
c14bazAAR	3400	1901.8786507966877
c14bazAAR	3300	1731.7051489860592
c14bazAAR	3200	1361.0906175041705
c14bazAAR	3100	1314.9931375558956
c14bazAAR	3000	1353.3089790102274
c14bazAAR	2900	1493.6273319307695
c14bazAAR	2800	1877.0909951003043
c14bazAAR	2700	986.6481743115082
c14bazAAR	2600	697.3362175182841
c14bazAAR	2500	801.6034840291705
c14bazAAR	2400	723.8554766341402
c14bazAAR	2300	642.5379790511839
c14bazAAR	2200	715.1846244335371
c14bazAAR	2100	584.317176530367
c14bazAAR	2000	566.2592548239894
c14bazAAR	1900	678.7702315200726
c14bazAAR	1800	690.9839909905327
c14bazAAR	1700	665.2544931143434
c14bazAAR	1600	692.3403969401342
c14bazAAR	1500	814.8792720441392
c14bazAAR	1400	865.2041761246109
c14bazAAR	1300	942.8300886183848
c14bazAAR	1200	1150.1045427181834
c14bazAAR	1100	1185.147464707902
c14bazAAR	1000	1116.754539541192
c14bazAAR	900	886.2689581091183
c14bazAAR	800	910.5573954372318
c14bazAAR	700	1199.0873201214597
c14bazAAR	600	1518.4150767871554
c14bazAAR	500	1051.4222249975437
c14bazAAR	400	701.6116984836524
c14bazAAR	300	407.37024921414246
c14bazAAR	200	323.4139275105081
c14bazAAR	100	376.45401102478104
c14bazAAR	0	329.3038618392711
IntChron	55000	21.85295017887785
IntChron	54900	5.1325856473879155
IntChron	54800	3.4817098810121334
IntChron	54700	2.9027537242395556
IntChron	54600	2.597783489933013
IntChron	54500	2.400374030903466
IntChron	54400	2.2613364502266577
IntChron	54300	2.162500049837714
IntChron	54200	2.093793851839292
IntChron	54100	2.050135865857098
IntChron	54000	2.030736835577408
IntChron	53900	2.035470502503543
IntChron	53800	2.0672480252238716
IntChron	53700	2.1273804465690764
IntChron	53600	2.213511106360585
IntChron	53500	2.309404847587386
IntChron	53400	2.3908982298700945
IntChron	53300	2.444537330333488
IntChron	53200	2.4786500851097304
IntChron	53100	2.505876837044881
IntChron	53000	2.5092705779276976
IntChron	52900	2.4629117739402147
IntChron	52800	2.3878575113046705
IntChron	52700	2.2869881396052225
IntChron	52600	2.1246343769905285
IntChron	52500	1.9096119430946636
IntChron	52400	1.710744616839364
IntChron	52300	1.5642746163965435
IntChron	52200	1.464036196481845
IntChron	52100	1.3937429443714369
IntChron	52000	1.3437039553572896
IntChron	51900	1.3090310545697397
IntChron	51800	1.2843624989922349
IntChron	51700	1.269179009710747
IntChron	51600	1.26425422740426
IntChron	51500	1.2688749557433472
IntChron	51400	1.2771868313934405
IntChron	51300	1.2831151111081962
IntChron	51200	1.2824293276408705
IntChron	51100	1.273814895452631
IntChron	51000	1.2622522739742514
IntChron	50900	1.2589545333290653
IntChron	50800	1.267868928413239
IntChron	50700	1.279828445900153
IntChron	50600	1.292389972874246
IntChron	50500	1.3180537276257525
IntChron	50400	1.3486226961069412
IntChron	50300	1.3822956203602272
IntChron	50200	1.4245312635003569
IntChron	50100	1.4595504396383283
IntChron	50000	1.4894932005924562
IntChron	49900	1.5124751894531747
IntChron	49800	1.546557890327857
IntChron	49700	1.5879956227031666
IntChron	49600	1.6315369780002564
IntChron	49500	1.660399453169792
IntChron	49400	1.6692000459246428
IntChron	49300	1.671036926061364
IntChron	49200	1.6795411482152305
IntChron	49100	1.7021118092502756
IntChron	49000	1.741303611696019
IntChron	48900	1.795455786944894
IntChron	48800	1.8508861018395768
IntChron	48700	1.899883594685176
IntChron	48600	1.94459258713108
IntChron	48500	1.9958937002627208
IntChron	48400	2.086030441019584
IntChron	48300	2.187984819841389
IntChron	48200	2.2946532277974994
IntChron	48100	2.3986077094593763
IntChron	48000	2.502952050097691
IntChron	47900	2.6061632840922058
IntChron	47800	2.6935549919058084
IntChron	47700	2.7616211255108056
IntChron	47600	2.8122761187506646
IntChron	47500	2.8517717797342987
IntChron	47400	2.8919922021152713
IntChron	47300	2.91641982716829
IntChron	47200	2.938091065771994
IntChron	47100	2.968851790881621
IntChron	47000	3.000129497201165
IntChron	46900	2.9685891821327335
IntChron	46800	2.775364073136238
IntChron	46700	2.5327836317016716
IntChron	46600	2.4258689447132733
IntChron	46500	2.4073032611218133
IntChron	46400	2.4028091073837516
IntChron	46300	2.413747293777947
IntChron	46200	2.4501756840972835
IntChron	46100	2.5309501552998777
IntChron	46000	2.61203610608258
IntChron	45900	2.73543262649054
IntChron	45800	2.9573219369437953
IntChron	45700	3.1392190068696753
IntChron	45600	3.292114217892126
IntChron	45500	3.411265451308415
IntChron	45400	3.401448157767364
IntChron	45300	3.3029338038513147
IntChron	45200	3.226478161268826
IntChron	45100	3.2252965794733264
IntChron	45000	3.2994202553087093
IntChron	44900	3.3733549879029847
IntChron	44800	3.3778946217326395
IntChron	44700	3.218582631677278
IntChron	44600	3.016095848490461
IntChron	44500	3.1314637277875996
IntChron	44400	3.484470065695165
IntChron	44300	3.537182833222716
IntChron	44200	3.4394297206073077
IntChron	44100	3.400840769742318
IntChron	44000	3.448441302337688
IntChron	43900	3.532717550566832
IntChron	43800	3.605948506715972
IntChron	43700	3.617886789939504
IntChron	43600	3.5859356330661147
IntChron	43500	3.5596957085143845
IntChron	43400	3.627654229575308
IntChron	43300	3.7959208746675777
IntChron	43200	4.133371439533045
IntChron	43100	4.791599513844974
IntChron	43000	5.375055030624083
IntChron	42900	5.822826887430914
IntChron	42800	6.993553085813492
IntChron	42700	6.151373977893803
IntChron	42600	5.752377730782128
IntChron	42500	5.7467685189289
IntChron	42400	5.850111906231653
IntChron	42300	6.031409042157459
IntChron	42200	6.150134286031845
IntChron	42100	6.04499458523297
IntChron	42000	5.766076627744679
IntChron	41900	5.586444537424018
IntChron	41800	5.630549221995653
IntChron	41700	5.7541232961586735
IntChron	41600	5.8448676078999
IntChron	41500	5.957238253868396
IntChron	41400	6.140961392214887
IntChron	41300	6.310404702221337
IntChron	41200	6.5149712496421825
IntChron	41100	6.622594010452413
IntChron	41000	6.185390918320353
IntChron	40900	5.844975631900021
IntChron	40800	5.730622377537372
IntChron	40700	5.684827452195136
IntChron	40600	5.695636281857004
IntChron	40500	5.785215159108454
IntChron	40400	5.927424576920573
IntChron	40300	6.017414702151385
IntChron	40200	6.0576707422616165
IntChron	40100	6.077178848107878
IntChron	40000	6.013180219794147
IntChron	39900	5.8720146674990294
IntChron	39800	5.798614549691081
IntChron	39700	5.800905384047292
IntChron	39600	5.695302210664424
IntChron	39500	5.2961430552444275
IntChron	39400	4.837614394294801
IntChron	39300	4.458842431164671
IntChron	39200	4.187250919183141
IntChron	39100	4.0337105938382685
IntChron	39000	3.981641860159464
IntChron	38900	3.973879231721364
IntChron	38800	3.973188768474059
IntChron	38700	3.97470418821358
IntChron	38600	3.98363980202025
IntChron	38500	3.9948699193611334
IntChron	38400	4.016781552602664
IntChron	38300	4.041850423814231
IntChron	38200	4.065576120464396
IntChron	38100	4.085447041451546
IntChron	38000	4.094725008970035
IntChron	37900	4.095082283550057
IntChron	37800	4.098982418411353
IntChron	37700	4.1323183195887605
IntChron	37600	4.257629407509374
IntChron	37500	4.46900623181387
IntChron	37400	4.570612354099059
IntChron	37300	4.614255820669019
IntChron	37200	4.63921709194898
IntChron	37100	4.630571529972292
IntChron	37000	4.571724930977612
IntChron	36900	4.572798898732128
IntChron	36800	4.635758950608628
IntChron	36700	4.689508820065681
IntChron	36600	4.745637357399189
IntChron	36500	4.812087541063313
IntChron	36400	4.877530116502472
IntChron	36300	4.910401480139911
IntChron	36200	4.7518301321191325
IntChron	36100	4.3630402453614625
IntChron	36000	4.091713009517742
IntChron	35900	4.009265728001119
IntChron	35800	3.980065656777735
IntChron	35700	3.989550221174354
IntChron	35600	4.07488115943148
IntChron	35500	4.230568376037949
IntChron	35400	4.440387887126923
IntChron	35300	4.5625815272665164
IntChron	35200	4.408963096984502
IntChron	35100	4.200639837293762
IntChron	35000	4.172692220832971
IntChron	34900	4.161955502109431
IntChron	34800	4.042726819695868
IntChron	34700	3.9254599244443833
IntChron	34600	4.130764499515696
IntChron	34500	4.572139836377312
IntChron	34400	4.245938783343198
IntChron	34300	3.623830322136164
IntChron	34200	3.6771122850565545
IntChron	34100	4.078592682345313
IntChron	34000	4.445613252794959
IntChron	33900	4.64987468020922
IntChron	33800	4.706957755399466
IntChron	33700	4.6130337666963355
IntChron	33600	4.489793194121517
IntChron	33500	4.452483626106125
IntChron	33400	4.420495652497047
IntChron	33300	4.378958182759658
IntChron	33200	4.382890959335758
IntChron	33100	4.3241515964346515
IntChron	33000	4.153253497457575
IntChron	32900	4.026955420656911
IntChron	32800	3.9756976667056914
IntChron	32700	3.9696496667893304
IntChron	32600	3.9745838106652913
IntChron	32500	3.993146959265272
IntChron	32400	3.991912667403059
IntChron	32300	3.964705479484647
IntChron	32200	3.942044542149942
IntChron	32100	3.9836426920583583
IntChron	32000	4.109508366702173
IntChron	31900	4.411757304591953
IntChron	31800	5.0282012817459165
IntChron	31700	6.107423826760744
IntChron	31600	7.377898821463787
IntChron	31500	8.218254621695557
IntChron	31400	8.522566999998153
IntChron	31300	9.187555601127391
IntChron	31200	10.240448134406943
IntChron	31100	10.774149793400658
IntChron	31000	11.016795550112324
IntChron	30900	10.546948650565124
IntChron	30800	9.75096960344696
IntChron	30700	9.22740188636451
IntChron	30600	9.242475937663832
IntChron	30500	9.326865451792838
IntChron	30400	9.146580563205193
IntChron	30300	9.338498546836464
IntChron	30200	9.772572917739748
IntChron	30100	10.511924356300833
IntChron	30000	10.41938657500742
IntChron	29900	8.894028188889717
IntChron	29800	7.394175360440454
IntChron	29700	6.740465839181383
IntChron	29600	6.221863191357154
IntChron	29500	5.808996778791796
IntChron	29400	5.75257032965016
IntChron	29300	5.455465513184452
IntChron	29200	3.6215528016157448
IntChron	29100	3.427945099814981
IntChron	29000	3.323236020835208
IntChron	28900	3.2401747420296325
IntChron	28800	3.058354522496541
IntChron	28700	2.7142621754004423
IntChron	28600	2.731789704706737
IntChron	28500	2.820607104864632
IntChron	28400	2.851223990879589
IntChron	28300	2.9117017826285063
IntChron	28200	2.98596601374044
IntChron	28100	3.056497831384897
IntChron	28000	3.2097697164022847
IntChron	27900	3.714662516735604
IntChron	27800	4.828681744382271
IntChron	27700	4.4487676047920814
IntChron	27600	4.455267367407596
IntChron	27500	4.511470660539056
IntChron	27400	4.689988254572384
IntChron	27300	6.055010666440504
IntChron	27200	6.550063954083702
IntChron	27100	4.1024434178378515
IntChron	27000	3.2760573735214127
IntChron	26900	2.871325539251861
IntChron	26800	2.8193311179264824
IntChron	26700	2.960024402978913
IntChron	26600	2.9038380792172354
IntChron	26500	2.9477049606482355
IntChron	26400	2.9459337060874273
IntChron	26300	2.460038729420348
IntChron	26200	2.3583757764207087
IntChron	26100	2.354130234707916
IntChron	26000	2.1727468115030244
IntChron	25900	2.0793277192628303
IntChron	25800	2.2635774867525327
IntChron	25700	2.436537244992546
IntChron	25600	2.4794769164312025
IntChron	25500	2.6155521774785107
IntChron	25400	2.559705893820286
IntChron	25300	2.706968109398235
IntChron	25200	2.709226633375013
IntChron	25100	2.77469168964583
IntChron	25000	3.074932724969923
IntChron	24900	3.7846658944061624
IntChron	24800	4.064468497831437
IntChron	24700	4.2940804165675885
IntChron	24600	4.608815563877717
IntChron	24500	4.735612760066594
IntChron	24400	4.769769313123549
IntChron	24300	4.896583788156735
IntChron	24200	5.387734480047117
IntChron	24100	5.622890989690269
IntChron	24000	5.8013064686573035
IntChron	23900	6.426000918274108
IntChron	23800	7.738100459772262
IntChron	23700	3.1051721574415057
IntChron	23600	3.008615349076278
IntChron	23500	4.257657440937264
IntChron	23400	3.3143070537512416
IntChron	23300	2.793729790168757
IntChron	23200	3.3244016459969163
IntChron	23100	4.756380274100441
IntChron	23000	7.968659444090608
IntChron	22900	6.704565423210041
IntChron	22800	5.745627765671989
IntChron	22700	5.7118679413553926
IntChron	22600	5.804095314897043
IntChron	22500	6.5457799230000555
IntChron	22400	7.68964200887784
IntChron	22300	5.38537953496871
IntChron	22200	4.335927954954568
IntChron	22100	4.2036360562356485
IntChron	22000	4.086325007233618
IntChron	21900	4.249029071800245
IntChron	21800	4.009082968979283
IntChron	21700	3.4589813050238143
IntChron	21600	3.402522367557286
IntChron	21500	3.4782986609036373
IntChron	21400	3.294901603911008
IntChron	21300	3.3345034755449943
IntChron	21200	3.2929334284881584
IntChron	21100	3.088457858262317
IntChron	21000	2.4262216564762604
IntChron	20900	1.3443250329320156
IntChron	20800	1.8227824339574583
IntChron	20700	2.219530102176829
IntChron	20600	2.284648008419374
IntChron	20500	1.7586952778044913
IntChron	20400	2.161279070540234
IntChron	20300	3.0055761058316226
IntChron	20200	3.730712957454199
IntChron	20100	3.4146988514808143
IntChron	20000	2.786534493635753
IntChron	19900	2.4001834203728523
IntChron	19800	3.808805047883659
IntChron	19700	3.541558308806034
IntChron	19600	4.687373206933763
IntChron	19500	4.798711737696703
IntChron	19400	4.506531780142731
IntChron	19300	5.029583424063714
IntChron	19200	5.5251853531858055
IntChron	19100	6.803817377709203
IntChron	19000	6.491182199780478
IntChron	18900	5.97732444771184
IntChron	18800	5.3925936425305485
IntChron	18700	5.388858645434425
IntChron	18600	3.7386889509846246
IntChron	18500	3.569989983952476
IntChron	18400	3.9748029894172383
IntChron	18300	3.9330036896014575
IntChron	18200	11.928818110499025
IntChron	18100	7.663982665297639
IntChron	18000	7.038744630553946
IntChron	17900	6.178773299111687
IntChron	17800	4.531022551816557
IntChron	17700	3.680368989713382
IntChron	17600	3.704657498386118
IntChron	17500	3.488514565780909
IntChron	17400	4.295023642392801
IntChron	17300	5.188578112775883
IntChron	17200	5.370417621216423
IntChron	17100	5.624961258587599
IntChron	17000	5.3873890829454885
IntChron	16900	4.024897112427692
IntChron	16800	3.3222583718821155
IntChron	16700	3.038086770343414
IntChron	16600	3.1824080382040845
IntChron	16500	4.0505108284640565
IntChron	16400	4.8769625066437445
IntChron	16300	5.705469273955112
IntChron	16200	5.7583151577991725
IntChron	16100	5.7794512417405635
IntChron	16000	7.251315000239429
IntChron	15900	9.900612951431487
IntChron	15800	12.639218172535466
IntChron	15700	16.04611252404359
IntChron	15600	17.4531757037248
IntChron	15500	14.66437956104359
IntChron	15400	13.258852733494498
IntChron	15300	12.616643287066404
IntChron	15200	14.29242049001551
IntChron	15100	19.408510213954475
IntChron	15000	22.21142523218806
IntChron	14900	19.766057231579325
IntChron	14800	17.85061977766116
IntChron	14700	18.128685782854863
IntChron	14600	18.17401627244971
IntChron	14500	17.60254434903566
IntChron	14400	17.604846108008214
IntChron	14300	18.5647473226267
IntChron	14200	19.292020553074227
IntChron	14100	21.897919968208267
IntChron	14000	19.985111529400584
IntChron	13900	20.987303212573792
IntChron	13800	20.017824667230435
IntChron	13700	23.60233090239565
IntChron	13600	21.61086628762548
IntChron	13500	20.188676280933535
IntChron	13400	16.423291882416002
IntChron	13300	14.928310087363542
IntChron	13200	14.097631243331833
IntChron	13100	25.03217910642831
IntChron	13000	32.33943744109801
IntChron	12900	31.550318003968115
IntChron	12800	33.24994416914794
IntChron	12700	28.745385272847756
IntChron	12600	24.12051783827386
IntChron	12500	22.540403811732375
IntChron	12400	16.914583087174424
IntChron	12300	20.577843475290276
IntChron	12200	21.96939907360468
IntChron	12100	16.37828414589049
IntChron	12000	14.25176237613849
IntChron	11900	14.458023510304068
IntChron	11800	15.571710072578677
IntChron	11700	15.620286440781031
IntChron	11600	17.72632190814145
IntChron	11500	17.228739556074785
IntChron	11400	18.304731058459915
IntChron	11300	18.353617629783564
IntChron	11200	16.410020771528014
IntChron	11100	15.547618261828706
IntChron	11000	15.401947049391747
IntChron	10900	15.330240637415072
IntChron	10800	14.940932250137651
IntChron	10700	16.508844297881815
IntChron	10600	19.05320227862045
IntChron	10500	24.538367714560746
IntChron	10400	22.998820137552944
IntChron	10300	24.163939317569422
IntChron	10200	25.158709880206075
IntChron	10100	14.897974714889727
IntChron	10000	16.648518467860942
IntChron	9900	14.0477386027817
IntChron	9800	13.56436365374081
IntChron	9700	15.050239758269948
IntChron	9600	20.530557941476832
IntChron	9500	32.33211319043542
IntChron	9400	22.000313591548668
IntChron	9300	21.631020140014456
IntChron	9200	18.407707839242732
IntChron	9100	17.802540917493623
IntChron	9000	18.801063260697024
IntChron	8900	17.76547276662443
IntChron	8800	17.87903133980538
IntChron	8700	18.454775637273123
IntChron	8600	20.176562866830764
IntChron	8500	30.21688340682064
IntChron	8400	27.32300057271732
IntChron	8300	21.677844460611443
IntChron	8200	21.299967415399944
IntChron	8100	27.419332393020035
IntChron	8000	35.44275766141597
IntChron	7900	26.48185568164099
IntChron	7800	20.993536046115967
IntChron	7700	26.465613953968987
IntChron	7600	36.046177476697295
IntChron	7500	43.26844347043886
IntChron	7400	34.33691285097922
IntChron	7300	39.773777207623134
IntChron	7200	49.492132155130875
IntChron	7100	56.913604779805254
IntChron	7000	48.53868206953621
IntChron	6900	45.26858889938474
IntChron	6800	61.205645658151234
IntChron	6700	64.48749282541542
IntChron	6600	53.809113189584664
IntChron	6500	59.98661715738642
IntChron	6400	76.62765685689176
IntChron	6300	62.19008774558171
IntChron	6200	75.97692531268235
IntChron	6100	53.371644998027385
IntChron	6000	52.468767315154935
IntChron	5900	92.48877749733164
IntChron	5800	107.7003607771527
IntChron	5700	121.5461171087087
IntChron	5600	118.44435441821727
IntChron	5500	193.12822878275475
IntChron	5400	182.3627789254178
IntChron	5300	109.31501885694738
IntChron	5200	109.59620350233668
IntChron	5100	103.20826073913796
IntChron	5000	115.84126980256332
IntChron	4900	165.10896550198714
IntChron	4800	120.55430083312343
IntChron	4700	131.94556479034446
IntChron	4600	108.89967512904668
IntChron	4500	109.6582876354341
IntChron	4400	77.26411159567812
IntChron	4300	77.559830401077
IntChron	4200	68.99760899656435
IntChron	4100	78.73084164961837
IntChron	4000	104.73771066877204
IntChron	3900	166.88439453628402
IntChron	3800	140.73036843359452
IntChron	3700	130.6732455608445
IntChron	3600	88.19620083882474
IntChron	3500	118.7817057226663
IntChron	3400	198.94312924740913
IntChron	3300	185.78994024686608
IntChron	3200	122.35637763105434
IntChron	3100	108.50293629297516
IntChron	3000	98.80968700379454
IntChron	2900	119.4936782461456
IntChron	2800	152.58861004810603
IntChron	2700	125.95781353211228
IntChron	2600	85.17682921506973
IntChron	2500	99.33223479068516
IntChron	2400	96.76513104106849
IntChron	2300	118.99401769417034
IntChron	2200	139.65540843839074
IntChron	2100	117.8654923722293
IntChron	2000	111.16227178648926
IntChron	1900	118.77319393431712
IntChron	1800	125.07606991564968
IntChron	1700	108.75671801928918
IntChron	1600	133.25421508997752
IntChron	1500	182.8024070141095
IntChron	1400	162.60267173298885
IntChron	1300	160.80201738803774
IntChron	1200	232.42700165461315
IntChron	1100	211.6190008347604
IntChron	1000	205.96177417405931
IntChron	900	157.50959508428107
IntChron	800	163.08534472966133
IntChron	700	216.87653431895345
IntChron	600	270.1947812489134
IntChron	500	209.32218977636947
IntChron	400	176.0197672004804
IntChron	300	102.3349229045775
IntChron	200	105.69687062547042
IntChron	100	132.33523456066828
IntChron	0	99.71602122059036
p3k14c	55000	2.395561159401908
p3k14c	54900	2.3635526162403835
p3k14c	54800	2.3376268482522287
p3k14c	54700	2.316190054708619
p3k14c	54600	2.297890815676658
p3k14c	54500	2.2824035768927087
p3k14c	54400	2.2683384652982546
p3k14c	54300	2.2549999101779323
p3k14c	54200	2.2414046744980403
p3k14c	54100	2.226339913292718
p3k14c	54000	2.2107752124467464
p3k14c	53900	2.193840180788484
p3k14c	53800	2.1767976373013647
p3k14c	53700	2.161591952199719
p3k14c	53600	2.1511430027415632
p3k14c	53500	2.149634436129623
p3k14c	53400	2.1584991150723623
p3k14c	53300	2.1755596321764044
p3k14c	53200	2.1960873488619623
p3k14c	53100	2.2131122506743264
p3k14c	53000	2.217230063586138
p3k14c	52900	2.202331342968314
p3k14c	52800	2.1753488077973016
p3k14c	52700	2.149467361097246
p3k14c	52600	2.1362206360289195
p3k14c	52500	2.1441837175679597
p3k14c	52400	2.1746580045218287
p3k14c	52300	2.2231891785282896
p3k14c	52200	2.2807167995936255
p3k14c	52100	2.33954411306656
p3k14c	52000	2.3943238157919273
p3k14c	51900	2.440695371569814
p3k14c	51800	2.480363536217451
p3k14c	51700	2.511836130291512
p3k14c	51600	2.5373801501855744
p3k14c	51500	2.557690499950367
p3k14c	51400	2.5732147851337497
p3k14c	51300	2.5863280031522233
p3k14c	51200	2.5951200279525755
p3k14c	51100	2.6005594940448207
p3k14c	51000	2.605870698477203
p3k14c	50900	2.6135637438230908
p3k14c	50800	2.6261413989487963
p3k14c	50700	2.644440048286598
p3k14c	50600	2.6689979265591277
p3k14c	50500	2.7012012514832446
p3k14c	50400	2.7357404723748524
p3k14c	50300	2.7726474787555553
p3k14c	50200	2.8262214002303865
p3k14c	50100	2.903482921781434
p3k14c	50000	2.9994779353176444
p3k14c	49900	3.1098489970488052
p3k14c	49800	3.2172479738426407
p3k14c	49700	3.3078022853756206
p3k14c	49600	3.3751533172111428
p3k14c	49500	3.41687035367415
p3k14c	49400	3.4314527838677304
p3k14c	49300	3.4339256595124037
p3k14c	49200	3.4476280795463468
p3k14c	49100	3.4852846462204123
p3k14c	49000	3.55371437901141
p3k14c	48900	3.6502956631974537
p3k14c	48800	3.7647940880634176
p3k14c	48700	3.8840581967107255
p3k14c	48600	3.995596130652263
p3k14c	48500	4.094216421113833
p3k14c	48400	4.181524697855684
p3k14c	48300	4.27152804641808
p3k14c	48200	4.37102454180166
p3k14c	48100	4.48700076574726
p3k14c	48000	4.616224547822596
p3k14c	47900	4.755023910402267
p3k14c	47800	4.903252199555968
p3k14c	47700	5.033521285595208
p3k14c	47600	5.1363910741710965
p3k14c	47500	5.230195333441306
p3k14c	47400	5.318437821576762
p3k14c	47300	5.40022616257626
p3k14c	47200	5.4657095162399845
p3k14c	47100	5.529771261640723
p3k14c	47000	5.648992188744969
p3k14c	46900	5.826197196800534
p3k14c	46800	6.04711646554614
p3k14c	46700	6.281463564261849
p3k14c	46600	6.449960911343357
p3k14c	46500	6.508046569249612
p3k14c	46400	6.545205127878986
p3k14c	46300	6.650615709667589
p3k14c	46200	6.867458383759251
p3k14c	46100	7.225335626622225
p3k14c	46000	7.728228934975866
p3k14c	45900	8.255571427255692
p3k14c	45800	8.60369445602721
p3k14c	45700	8.809851059808745
p3k14c	45600	8.982029273118757
p3k14c	45500	9.188195227202035
p3k14c	45400	9.39823801224396
p3k14c	45300	9.573160380546984
p3k14c	45200	9.715589623110004
p3k14c	45100	9.879851353140989
p3k14c	45000	10.08918995761369
p3k14c	44900	10.346727751025828
p3k14c	44800	10.645315362712823
p3k14c	44700	11.039153547634337
p3k14c	44600	11.560001790791956
p3k14c	44500	12.109712500644015
p3k14c	44400	12.560491959130438
p3k14c	44300	12.98080056510434
p3k14c	44200	13.451307130427372
p3k14c	44100	14.003649891489788
p3k14c	44000	14.646939740265312
p3k14c	43900	15.245281703950514
p3k14c	43800	15.66509327261978
p3k14c	43700	15.749548043797356
p3k14c	43600	15.573835780402124
p3k14c	43500	15.426297538936716
p3k14c	43400	15.805665241825436
p3k14c	43300	16.601884788629036
p3k14c	43200	17.610682283693844
p3k14c	43100	18.781342879470085
p3k14c	43000	20.147121753450268
p3k14c	42900	21.916710468415097
p3k14c	42800	24.00005916671032
p3k14c	42700	26.115341451832755
p3k14c	42600	28.08621151446273
p3k14c	42500	30.28231783234478
p3k14c	42400	32.45524920492197
p3k14c	42300	33.477916627126255
p3k14c	42200	33.370902003518935
p3k14c	42100	31.88340162742555
p3k14c	42000	29.57615754604888
p3k14c	41900	27.407983778879387
p3k14c	41800	26.028666465683106
p3k14c	41700	25.37314101832398
p3k14c	41600	25.09627764045608
p3k14c	41500	24.849931058371528
p3k14c	41400	24.56457279830512
p3k14c	41300	24.29306448611668
p3k14c	41200	23.84929734498156
p3k14c	41100	23.275930313511545
p3k14c	41000	22.880829244822724
p3k14c	40900	22.75816270952404
p3k14c	40800	22.75980965763797
p3k14c	40700	22.77321729976477
p3k14c	40600	22.816369922783373
p3k14c	40500	22.985952096652447
p3k14c	40400	23.2175839394724
p3k14c	40300	23.35526157209261
p3k14c	40200	23.41447199847329
p3k14c	40100	23.464498583699825
p3k14c	40000	23.459448966360217
p3k14c	39900	23.29741132512432
p3k14c	39800	23.039948900292565
p3k14c	39700	22.739342969230485
p3k14c	39600	22.494709383723603
p3k14c	39500	22.363329558898386
p3k14c	39400	22.32383495420023
p3k14c	39300	22.21527780966828
p3k14c	39200	21.653666157340787
p3k14c	39100	20.645977240390597
p3k14c	39000	19.93100075434732
p3k14c	38900	19.63303009299867
p3k14c	38800	19.50104230544846
p3k14c	38700	19.43397380058089
p3k14c	38600	19.365619065658095
p3k14c	38500	19.23143869910417
p3k14c	38400	19.108906590582503
p3k14c	38300	19.10234345348023
p3k14c	38200	19.177938180331815
p3k14c	38100	19.268136910472915
p3k14c	38000	19.302306090497616
p3k14c	37900	19.257316565862503
p3k14c	37800	19.27969369247807
p3k14c	37700	19.63039940921797
p3k14c	37600	20.742115336499463
p3k14c	37500	22.32173601506029
p3k14c	37400	23.272742348281575
p3k14c	37300	23.837950615407586
p3k14c	37200	24.574410232447033
p3k14c	37100	25.72373652907568
p3k14c	37000	27.317567581319885
p3k14c	36900	29.10643309308014
p3k14c	36800	30.646144925613545
p3k14c	36700	31.75506989626629
p3k14c	36600	32.94949178560759
p3k14c	36500	34.572707389998975
p3k14c	36400	36.57378639942892
p3k14c	36300	38.43739509669046
p3k14c	36200	38.95285229042288
p3k14c	36100	37.74753703223443
p3k14c	36000	36.26892792917976
p3k14c	35900	35.35442390617703
p3k14c	35800	34.89099691099766
p3k14c	35700	34.29044139775889
p3k14c	35600	33.52937605755099
p3k14c	35500	32.70008658343547
p3k14c	35400	31.67927446247616
p3k14c	35300	30.66000810550429
p3k14c	35200	29.939362469968952
p3k14c	35100	29.73548369650699
p3k14c	35000	29.76829773689284
p3k14c	34900	29.767335674172298
p3k14c	34800	29.878537618669803
p3k14c	34700	30.686315470773888
p3k14c	34600	31.922718317702714
p3k14c	34500	32.180335295540864
p3k14c	34400	31.304066863098488
p3k14c	34300	29.91784715599804
p3k14c	34200	28.297195734635636
p3k14c	34100	26.82700200267544
p3k14c	34000	25.620382004664116
p3k14c	33900	24.63332772669417
p3k14c	33800	23.718455396924252
p3k14c	33700	22.885780259894684
p3k14c	33600	22.54562538118388
p3k14c	33500	22.510025516781504
p3k14c	33400	22.48864825106506
p3k14c	33300	22.553606469845136
p3k14c	33200	22.703674967528418
p3k14c	33100	22.845602908176975
p3k14c	33000	23.15329295869104
p3k14c	32900	23.70036180098588
p3k14c	32800	24.319306041227932
p3k14c	32700	24.62553366585922
p3k14c	32600	24.45367881203907
p3k14c	32500	24.07529042291069
p3k14c	32400	23.968063133129867
p3k14c	32300	24.16948975531805
p3k14c	32200	24.945056619894988
p3k14c	32100	25.90814259087794
p3k14c	32000	26.882656751695688
p3k14c	31900	28.129100055185926
p3k14c	31800	29.911244129246885
p3k14c	31700	32.14806931688397
p3k14c	31600	34.42889553397228
p3k14c	31500	36.0749345578246
p3k14c	31400	36.727339399319696
p3k14c	31300	39.03225045616268
p3k14c	31200	48.815204507414165
p3k14c	31100	57.85883898380093
p3k14c	31000	46.54892514952131
p3k14c	30900	40.54985307876262
p3k14c	30800	36.652091020177714
p3k14c	30700	35.199237562261125
p3k14c	30600	35.23655782982744
p3k14c	30500	35.41090605305659
p3k14c	30400	35.153769929026865
p3k14c	30300	36.54427644201475
p3k14c	30200	37.82742792673657
p3k14c	30100	38.662231033525934
p3k14c	30000	38.59300754492016
p3k14c	29900	31.51737535935853
p3k14c	29800	27.124746324923944
p3k14c	29700	26.16223629053265
p3k14c	29600	25.6698097719987
p3k14c	29500	25.47286973835042
p3k14c	29400	25.527085814068837
p3k14c	29300	25.590025637854172
p3k14c	29200	28.81148388431517
p3k14c	29100	29.268286117136213
p3k14c	29000	29.239523508369903
p3k14c	28900	29.055400605209527
p3k14c	28800	28.542994815584485
p3k14c	28700	27.430864399643728
p3k14c	28600	26.166443414863195
p3k14c	28500	25.503915054938997
p3k14c	28400	25.378605162344854
p3k14c	28300	25.406889420882152
p3k14c	28200	25.93394076116859
p3k14c	28100	26.505925328629367
p3k14c	28000	27.64543522946364
p3k14c	27900	30.56454326642848
p3k14c	27800	35.06083258998762
p3k14c	27700	34.40224277096426
p3k14c	27600	32.481033977800315
p3k14c	27500	32.53599869691625
p3k14c	27400	32.56379385799569
p3k14c	27300	34.88803416105846
p3k14c	27200	34.08057261657297
p3k14c	27100	29.66549067987846
p3k14c	27000	25.95368821055457
p3k14c	26900	22.53940895545532
p3k14c	26800	21.456170575215097
p3k14c	26700	22.462756873796604
p3k14c	26600	22.785152376007535
p3k14c	26500	22.563046750410304
p3k14c	26400	21.73440187105218
p3k14c	26300	23.006385553987823
p3k14c	26200	23.80141665380574
p3k14c	26100	23.67393680764637
p3k14c	26000	25.164623090212345
p3k14c	25900	26.251068811233317
p3k14c	25800	26.02542959025853
p3k14c	25700	24.039953380644462
p3k14c	25600	24.34365897370302
p3k14c	25500	25.055828670744372
p3k14c	25400	24.759669530115342
p3k14c	25300	25.822673990265496
p3k14c	25200	26.971237117813946
p3k14c	25100	27.08504185275279
p3k14c	25000	27.003007272590335
p3k14c	24900	26.856052240048655
p3k14c	24800	26.80500749584868
p3k14c	24700	26.704782832371528
p3k14c	24600	26.543131556752012
p3k14c	24500	27.142501563423306
p3k14c	24400	27.33192145253363
p3k14c	24300	28.01325453456206
p3k14c	24200	29.59614182680457
p3k14c	24100	30.258283162021968
p3k14c	24000	30.493090981431724
p3k14c	23900	31.031561933758383
p3k14c	23800	35.508615974269844
p3k14c	23700	29.70025706797291
p3k14c	23600	29.533894488960048
p3k14c	23500	32.556728747616084
p3k14c	23400	30.021831982818885
p3k14c	23300	29.544542056266007
p3k14c	23200	31.18287515845788
p3k14c	23100	33.69210826914966
p3k14c	23000	39.73768316500735
p3k14c	22900	31.792599602558756
p3k14c	22800	28.586190953867305
p3k14c	22700	28.492400869459356
p3k14c	22600	28.818984512536137
p3k14c	22500	31.0591545604058
p3k14c	22400	31.99384525693705
p3k14c	22300	26.93652712816846
p3k14c	22200	25.441859516845977
p3k14c	22100	24.92595017782398
p3k14c	22000	24.70919339425681
p3k14c	21900	24.203283851922095
p3k14c	21800	22.75170157645716
p3k14c	21700	21.5073836230265
p3k14c	21600	21.4031871817365
p3k14c	21500	21.53325691734633
p3k14c	21400	20.967443778292797
p3k14c	21300	20.079184305318623
p3k14c	21200	20.12672852231159
p3k14c	21100	20.566305404577196
p3k14c	21000	21.333233288312204
p3k14c	20900	21.89778115820125
p3k14c	20800	23.176329228487766
p3k14c	20700	24.096224114592243
p3k14c	20600	24.477875135473635
p3k14c	20500	25.555841116311637
p3k14c	20400	24.017964587347414
p3k14c	20300	22.37373890517487
p3k14c	20200	21.42147042877828
p3k14c	20100	21.62229125044256
p3k14c	20000	22.354369602027223
p3k14c	19900	23.37270823126612
p3k14c	19800	22.865327902952885
p3k14c	19700	22.873756920272005
p3k14c	19600	23.56890073394268
p3k14c	19500	27.239824132465795
p3k14c	19400	27.934227043784475
p3k14c	19300	28.228810569997503
p3k14c	19200	28.54622389552847
p3k14c	19100	33.168728665061096
p3k14c	19000	39.20177127053985
p3k14c	18900	46.00208095103129
p3k14c	18800	47.001869759576394
p3k14c	18700	40.5884261674336
p3k14c	18600	39.45080561572716
p3k14c	18500	39.32877326049765
p3k14c	18400	34.470423913034836
p3k14c	18300	40.70525883883098
p3k14c	18200	55.705796594439185
p3k14c	18100	44.085159094118225
p3k14c	18000	42.01763984224669
p3k14c	17900	40.34813441985942
p3k14c	17800	38.6481645245195
p3k14c	17700	38.169168205851065
p3k14c	17600	38.13457050897583
p3k14c	17500	38.34150134575295
p3k14c	17400	42.75225499826486
p3k14c	17300	49.82274718946187
p3k14c	17200	50.38800863011332
p3k14c	17100	51.06814746120848
p3k14c	17000	52.295915294892
p3k14c	16900	47.7831808261399
p3k14c	16800	45.5517141946354
p3k14c	16700	44.251925821268934
p3k14c	16600	43.47579987341973
p3k14c	16500	43.76301493175848
p3k14c	16400	44.63268344172567
p3k14c	16300	45.99726524612933
p3k14c	16200	46.475380344407654
p3k14c	16100	46.64691259612961
p3k14c	16000	47.91069687528408
p3k14c	15900	51.47740786079295
p3k14c	15800	55.71233668967107
p3k14c	15700	60.53236021939749
p3k14c	15600	65.2940217877839
p3k14c	15500	68.73818219978529
p3k14c	15400	69.70054668977933
p3k14c	15300	72.54697433083086
p3k14c	15200	76.21541786471742
p3k14c	15100	83.74649788203894
p3k14c	15000	86.87456020222058
p3k14c	14900	81.24395016326132
p3k14c	14800	82.0338363168159
p3k14c	14700	80.49724637977029
p3k14c	14600	79.2763149393145
p3k14c	14500	80.09742557065597
p3k14c	14400	81.9062756010792
p3k14c	14300	93.97025225520672
p3k14c	14200	103.81624213930677
p3k14c	14100	129.16495040674616
p3k14c	14000	114.25064432220918
p3k14c	13900	114.88880986806448
p3k14c	13800	116.7460462734121
p3k14c	13700	117.68595761640476
p3k14c	13600	119.25397394842382
p3k14c	13500	130.85787697212533
p3k14c	13400	133.1651520072765
p3k14c	13300	126.32324596691171
p3k14c	13200	131.3817001065938
p3k14c	13100	181.5904606801547
p3k14c	13000	167.75829653648483
p3k14c	12900	168.38900028199774
p3k14c	12800	247.0645028541412
p3k14c	12700	223.91372944118783
p3k14c	12600	144.94953744207152
p3k14c	12500	154.80216180129025
p3k14c	12400	116.2180120739638
p3k14c	12300	119.8741206902591
p3k14c	12200	122.39713372662804
p3k14c	12100	116.23302378507329
p3k14c	12000	125.73832686466984
p3k14c	11900	150.0726445643601
p3k14c	11800	147.6817638761466
p3k14c	11700	141.8434905050755
p3k14c	11600	155.9989177535197
p3k14c	11500	150.81455658728294
p3k14c	11400	163.0211249387918
p3k14c	11300	211.06586351896885
p3k14c	11200	236.237326487294
p3k14c	11100	179.92426187062085
p3k14c	11000	191.94158366626365
p3k14c	10900	178.91969375050354
p3k14c	10800	183.91770619981375
p3k14c	10700	221.5213862380727
p3k14c	10600	249.2985503036396
p3k14c	10500	282.2118608549271
p3k14c	10400	302.01045389431357
p3k14c	10300	319.7061566437598
p3k14c	10200	395.61496290988873
p3k14c	10100	256.37964120346265
p3k14c	10000	267.5901423927716
p3k14c	9900	252.33456708236753
p3k14c	9800	257.68695565119873
p3k14c	9700	300.0462951431136
p3k14c	9600	427.1054041738777
p3k14c	9500	557.5496163757596
p3k14c	9400	370.45144824776463
p3k14c	9300	360.9843647429981
p3k14c	9200	329.48851294632783
p3k14c	9100	346.2481820063189
p3k14c	9000	362.6765401973674
p3k14c	8900	362.4788872262859
p3k14c	8800	365.20459858131574
p3k14c	8700	404.7056858257588
p3k14c	8600	473.8863512932263
p3k14c	8500	572.0413904342331
p3k14c	8400	533.8564991586354
p3k14c	8300	506.33874556228386
p3k14c	8200	500.1656112499475
p3k14c	8100	597.4017827817979
p3k14c	8000	664.4549018208028
p3k14c	7900	601.2898103728489
p3k14c	7800	579.952089579662
p3k14c	7700	722.126266550368
p3k14c	7600	835.751065774884
p3k14c	7500	856.809026390941
p3k14c	7400	652.8864067757194
p3k14c	7300	608.1100712696551
p3k14c	7200	809.658289040906
p3k14c	7100	878.1176522376543
p3k14c	7000	809.873578414755
p3k14c	6900	734.216855665833
p3k14c	6800	785.2402216821221
p3k14c	6700	1026.254046273476
p3k14c	6600	999.3035349403452
p3k14c	6500	1007.7029583743904
p3k14c	6400	1123.368286424183
p3k14c	6300	1154.0882720137397
p3k14c	6200	1242.1217206581352
p3k14c	6100	1016.972214890792
p3k14c	6000	994.8492402418924
p3k14c	5900	1064.8972542694526
p3k14c	5800	1064.0558944017846
p3k14c	5700	1326.1642348389846
p3k14c	5600	1425.3668948257946
p3k14c	5500	1954.4673412606428
p3k14c	5400	1839.220564355551
p3k14c	5300	1315.3062550706106
p3k14c	5200	1170.8489063406234
p3k14c	5100	1177.5365733390354
p3k14c	5000	1233.788022393264
p3k14c	4900	1830.0702898966067
p3k14c	4800	1528.01024413097
p3k14c	4700	1616.7584269599863
p3k14c	4600	1550.3996141164066
p3k14c	4500	1877.3251318132095
p3k14c	4400	1390.92133914641
p3k14c	4300	1394.4449596962854
p3k14c	4200	1520.9346528382462
p3k14c	4100	1572.3540922327068
p3k14c	4000	1980.1934038560676
p3k14c	3900	2577.8952755667356
p3k14c	3800	1801.216392061506
p3k14c	3700	1732.705332474615
p3k14c	3600	1642.2146506573022
p3k14c	3500	2127.758380848489
p3k14c	3400	2671.6282754515373
p3k14c	3300	2442.205183857621
p3k14c	3200	1842.2605621432856
p3k14c	3100	1745.7249865236647
p3k14c	3000	1814.162197722437
p3k14c	2900	2054.9502522876833
p3k14c	2800	2662.1283935729493
p3k14c	2700	1985.516688805574
p3k14c	2600	1546.944698123941
p3k14c	2500	1686.881455252983
p3k14c	2400	1865.6522348734104
p3k14c	2300	2051.381891491106
p3k14c	2200	2246.5388022587395
p3k14c	2100	1980.3479055859584
p3k14c	2000	1961.4109201080123
p3k14c	1900	2345.867063867101
p3k14c	1800	2737.547981078043
p3k14c	1700	2513.236972254123
p3k14c	1600	2668.7330300308413
p3k14c	1500	2813.592668106353
p3k14c	1400	2917.5757370676183
p3k14c	1300	3291.0894729441247
p3k14c	1200	3826.459007667779
p3k14c	1100	4100.900018180282
p3k14c	1000	4505.437665300319
p3k14c	900	3948.795570212479
p3k14c	800	4050.3994701148663
p3k14c	700	5656.097851935706
p3k14c	600	5987.187320015756
p3k14c	500	3643.356557947875
p3k14c	400	2577.3456073686566
p3k14c	300	1428.3960154576976
p3k14c	200	1036.1847190093476
p3k14c	100	1133.7696281070148
p3k14c	0	1094.149940971465
XRONOS	55000	9.374982700518023
XRONOS	54900	5.5768560112662655
XRONOS	54800	4.3234625847956
XRONOS	54700	3.7686263927111634
XRONOS	54600	3.4619728826518816
XRONOS	54500	3.268213164750574
XRONOS	54400	3.1346666458478363
XRONOS	54300	3.0385251047992647
XRONOS	54200	2.96672877674378
XRONOS	54100	2.911153067735546
XRONOS	54000	2.8704238713526364
XRONOS	53900	2.840130864659474
XRONOS	53800	2.821273027060312
XRONOS	53700	2.8137304778491177
XRONOS	53600	2.81808568286665
XRONOS	53500	2.835989081069508
XRONOS	53400	2.8678405226643697
XRONOS	53300	2.913058802523676
XRONOS	53200	2.969891626769294
XRONOS	53100	3.0260788024788123
XRONOS	53000	3.042726273871964
XRONOS	52900	2.9902855647305104
XRONOS	52800	2.9053767877830783
XRONOS	52700	2.831253994635461
XRONOS	52600	2.776651509832175
XRONOS	52500	2.742631446448006
XRONOS	52400	2.7303426965242337
XRONOS	52300	2.739992085796347
XRONOS	52200	2.765783726159802
XRONOS	52100	2.7999489392582246
XRONOS	52000	2.836239135920781
XRONOS	51900	2.8690856168220136
XRONOS	51800	2.8988450345313592
XRONOS	51700	2.924061478379234
XRONOS	51600	2.9475134179512907
XRONOS	51500	2.969468458738129
XRONOS	51400	2.9886929499061816
XRONOS	51300	3.0046845188699267
XRONOS	51200	3.0130938147699013
XRONOS	51100	3.0137981444062336
XRONOS	51000	3.0131514395115224
XRONOS	50900	3.0187656004246395
XRONOS	50800	3.034483591183849
XRONOS	50700	3.0571537568535176
XRONOS	50600	3.0845190641661473
XRONOS	50500	3.1255004855954724
XRONOS	50400	3.1727820051782443
XRONOS	50300	3.224737769786776
XRONOS	50200	3.304414496056289
XRONOS	50100	3.4266760965430243
XRONOS	50000	3.5844635417261914
XRONOS	49900	3.7839806647998424
XRONOS	49800	3.994919075837304
XRONOS	49700	4.1813211231463825
XRONOS	49600	4.315867001059603
XRONOS	49500	4.384984304044428
XRONOS	49400	4.412455490311532
XRONOS	49300	4.4136242879546375
XRONOS	49200	4.433042492022234
XRONOS	49100	4.4980471711942736
XRONOS	49000	4.594657257373253
XRONOS	48900	4.72581233254449
XRONOS	48800	4.844547725304848
XRONOS	48700	4.9389297940386925
XRONOS	48600	5.022603303698426
XRONOS	48500	5.113935140855924
XRONOS	48400	5.251751906940547
XRONOS	48300	5.400480256969769
XRONOS	48200	5.554981849040225
XRONOS	48100	5.715957527507043
XRONOS	48000	5.8901732370469775
XRONOS	47900	6.070939989661772
XRONOS	47800	6.26454578922829
XRONOS	47700	6.440078679217896
XRONOS	47600	6.579734063626891
XRONOS	47500	6.698008538615361
XRONOS	47400	6.815192427901244
XRONOS	47300	6.8976046128503645
XRONOS	47200	6.965095259523488
XRONOS	47100	7.038890788459255
XRONOS	47000	7.110747807788148
XRONOS	46900	7.114373438505724
XRONOS	46800	7.144820416751401
XRONOS	46700	7.380193910636466
XRONOS	46600	7.67567198398003
XRONOS	46500	7.794886556222432
XRONOS	46400	7.874522990558219
XRONOS	46300	8.09856954494457
XRONOS	46200	8.506902101068775
XRONOS	46100	9.000227178993912
XRONOS	46000	9.431873825442953
XRONOS	45900	9.850125993750169
XRONOS	45800	10.237483919356842
XRONOS	45700	10.50322414110161
XRONOS	45600	10.73721706063099
XRONOS	45500	11.01973443096303
XRONOS	45400	11.32547614938492
XRONOS	45300	11.640440729793802
XRONOS	45200	11.933028965719124
XRONOS	45100	12.185243682053546
XRONOS	45000	12.366280152010026
XRONOS	44900	12.588606274174351
XRONOS	44800	12.99765257528019
XRONOS	44700	13.896279930019665
XRONOS	44600	14.986274917484804
XRONOS	44500	15.152779617807507
XRONOS	44400	15.037007805531545
XRONOS	44300	15.626643279863725
XRONOS	44200	16.34303441195403
XRONOS	44100	16.953436230309944
XRONOS	44000	17.56379355025541
XRONOS	43900	18.14827703589475
XRONOS	43800	18.611255992914003
XRONOS	43700	18.66863927575935
XRONOS	43600	18.44158940879232
XRONOS	43500	18.266373563662423
XRONOS	43400	18.740693931954045
XRONOS	43300	19.937977370728404
XRONOS	43200	22.14570904463824
XRONOS	43100	25.83227732779401
XRONOS	43000	28.2275744300739
XRONOS	42900	27.340487506099915
XRONOS	42800	28.531700472739296
XRONOS	42700	30.546696653826107
XRONOS	42600	33.15680033619733
XRONOS	42500	36.19393836302032
XRONOS	42400	38.56406624972445
XRONOS	42300	40.875484251143035
XRONOS	42200	40.0813989573784
XRONOS	42100	37.00143250166677
XRONOS	42000	34.17413459497131
XRONOS	41900	32.21064875524466
XRONOS	41800	30.496648944832227
XRONOS	41700	29.37387043199208
XRONOS	41600	28.9745524919842
XRONOS	41500	28.70836352356715
XRONOS	41400	28.56578711130965
XRONOS	41300	29.089018690253887
XRONOS	41200	29.8287445773212
XRONOS	41100	29.604774762323466
XRONOS	41000	28.47493358090855
XRONOS	40900	27.742909267274115
XRONOS	40800	27.589596665946868
XRONOS	40700	27.57937718280219
XRONOS	40600	27.45461885878525
XRONOS	40500	27.648101326068986
XRONOS	40400	28.78681191662937
XRONOS	40300	29.737402710262113
XRONOS	40200	30.199505178732597
XRONOS	40100	30.47751037131932
XRONOS	40000	29.833898443175844
XRONOS	39900	28.26765916306065
XRONOS	39800	27.25292911666279
XRONOS	39700	26.85147885523036
XRONOS	39600	26.743377696307665
XRONOS	39500	26.69552581577919
XRONOS	39400	27.238407143315285
XRONOS	39300	29.02867085502935
XRONOS	39200	29.186509206971575
XRONOS	39100	25.86501536758301
XRONOS	39000	24.482340078008995
XRONOS	38900	24.20460509132247
XRONOS	38800	24.10231009555606
XRONOS	38700	24.059520969242183
XRONOS	38600	24.03272949710971
XRONOS	38500	23.96017875897806
XRONOS	38400	23.91476257636403
XRONOS	38300	23.915660324367316
XRONOS	38200	23.971131777922828
XRONOS	38100	24.04967083093374
XRONOS	38000	24.072603749097908
XRONOS	37900	24.009744317085485
XRONOS	37800	24.02541378407433
XRONOS	37700	24.424685100091608
XRONOS	37600	26.09525875837562
XRONOS	37500	28.53670576109539
XRONOS	37400	29.556908323141176
XRONOS	37300	29.948831394304417
XRONOS	37200	30.312060846978245
XRONOS	37100	31.07762504089333
XRONOS	37000	32.65432287152993
XRONOS	36900	34.68928974688142
XRONOS	36800	36.599262476579234
XRONOS	36700	38.08628496637446
XRONOS	36600	39.78443154767478
XRONOS	36500	42.236955407542304
XRONOS	36400	45.60843490945978
XRONOS	36300	48.527224071555906
XRONOS	36200	47.481687710773286
XRONOS	36100	45.45477306412439
XRONOS	36000	44.24366445228717
XRONOS	35900	43.306268167721846
XRONOS	35800	42.74106055008138
XRONOS	35700	41.89922085727668
XRONOS	35600	41.11752443925075
XRONOS	35500	40.76631027571043
XRONOS	35400	40.41698796507934
XRONOS	35300	38.869369987048465
XRONOS	35200	37.025449572100186
XRONOS	35100	36.671288023556194
XRONOS	35000	36.73843766104562
XRONOS	34900	36.741150629355616
XRONOS	34800	36.96730626002344
XRONOS	34700	37.82935314772933
XRONOS	34600	38.62105693838909
XRONOS	34500	40.18140581250732
XRONOS	34400	39.281506320114545
XRONOS	34300	36.62615090615141
XRONOS	34200	34.31330545289956
XRONOS	34100	32.39301946482449
XRONOS	34000	31.060772589329535
XRONOS	33900	30.10756105227347
XRONOS	33800	29.29547528642898
XRONOS	33700	28.74486344666119
XRONOS	33600	28.61915520866644
XRONOS	33500	28.546556207554175
XRONOS	33400	28.46624061134155
XRONOS	33300	28.168425096625455
XRONOS	33200	28.53681971397333
XRONOS	33100	28.99456940577627
XRONOS	33000	28.579580482335352
XRONOS	32900	28.675890805449487
XRONOS	32800	29.216149809949883
XRONOS	32700	29.55849260439913
XRONOS	32600	29.37244448697882
XRONOS	32500	28.989682120161476
XRONOS	32400	28.84925082319107
XRONOS	32300	28.979717605137456
XRONOS	32200	29.846795384096737
XRONOS	32100	31.11973706530834
XRONOS	32000	32.492861386306615
XRONOS	31900	34.21678870900763
XRONOS	31800	36.056862439983405
XRONOS	31700	38.21384387105789
XRONOS	31600	40.84427096911022
XRONOS	31500	42.87024482502015
XRONOS	31400	43.685935273780736
XRONOS	31300	46.32386433329312
XRONOS	31200	57.2811741268244
XRONOS	31100	68.4627220814547
XRONOS	31000	54.08379764622643
XRONOS	30900	47.799822955516134
XRONOS	30800	43.573591665351394
XRONOS	30700	41.94733316430184
XRONOS	30600	41.9891737575052
XRONOS	30500	42.19085466133519
XRONOS	30400	41.87194735039384
XRONOS	30300	43.910491961158414
XRONOS	30200	47.09428268590637
XRONOS	30100	47.157465717079354
XRONOS	30000	45.960041542545
XRONOS	29900	37.81885070519124
XRONOS	29800	32.59924511767582
XRONOS	29700	31.3734650360219
XRONOS	29600	30.726656606836
XRONOS	29500	30.44769485314728
XRONOS	29400	30.506430938961504
XRONOS	29300	30.552109390116073
XRONOS	29200	35.865408393106705
XRONOS	29100	33.90364421687256
XRONOS	29000	33.825961022434306
XRONOS	28900	33.962906674835466
XRONOS	28800	33.929191544524905
XRONOS	28700	32.76584825605918
XRONOS	28600	31.84236626475914
XRONOS	28500	31.39438248821364
XRONOS	28400	31.35559978033763
XRONOS	28300	31.646625629098462
XRONOS	28200	32.695377996833756
XRONOS	28100	33.465047818601455
XRONOS	28000	34.76176136051298
XRONOS	27900	37.59094118340016
XRONOS	27800	43.065158052678115
XRONOS	27700	43.96129594632835
XRONOS	27600	42.48490185975248
XRONOS	27500	42.57989493594636
XRONOS	27400	42.762702687498205
XRONOS	27300	45.27913773463355
XRONOS	27200	41.90560153702267
XRONOS	27100	36.95395388881366
XRONOS	27000	33.25698456451434
XRONOS	26900	29.71342781468112
XRONOS	26800	28.340896608149347
XRONOS	26700	29.548804296164224
XRONOS	26600	29.95225244097049
XRONOS	26500	29.655632120289884
XRONOS	26400	28.85592416186736
XRONOS	26300	30.388098985662907
XRONOS	26200	30.92023221947718
XRONOS	26100	30.894122188030774
XRONOS	26000	32.1547120220567
XRONOS	25900	33.72315923973949
XRONOS	25800	33.13740312078768
XRONOS	25700	31.89987653860408
XRONOS	25600	32.25086618217747
XRONOS	25500	32.80951912015052
XRONOS	25400	32.55670487342143
XRONOS	25300	33.696009709389735
XRONOS	25200	34.24616684591456
XRONOS	25100	34.18434455841572
XRONOS	25000	34.134362569856336
XRONOS	24900	33.86523106227476
XRONOS	24800	33.67456332680148
XRONOS	24700	33.414717909965844
XRONOS	24600	33.10377342817007
XRONOS	24500	33.996408528629004
XRONOS	24400	34.2325165750029
XRONOS	24300	35.13589128900052
XRONOS	24200	37.43429949134448
XRONOS	24100	38.85873610029153
XRONOS	24000	39.45022126588121
XRONOS	23900	40.907825677423624
XRONOS	23800	45.47508942010787
XRONOS	23700	36.376141837275384
XRONOS	23600	36.23385906878341
XRONOS	23500	39.873912531705344
XRONOS	23400	36.582597943038586
XRONOS	23300	36.63136410721726
XRONOS	23200	38.42159818239538
XRONOS	23100	41.51412260185408
XRONOS	23000	49.29644892437781
XRONOS	22900	40.74411973284506
XRONOS	22800	36.9390615298209
XRONOS	22700	36.79371491444928
XRONOS	22600	37.037142558396056
XRONOS	22500	39.422254317130566
XRONOS	22400	41.997872358416465
XRONOS	22300	37.139778185520555
XRONOS	22200	35.750032150991444
XRONOS	22100	35.472135287248705
XRONOS	22000	36.019125085367094
XRONOS	21900	35.34448212558101
XRONOS	21800	32.55748326219446
XRONOS	21700	29.832427210517068
XRONOS	21600	29.571182222298813
XRONOS	21500	29.93037994909794
XRONOS	21400	27.455778832269424
XRONOS	21300	26.27048095248778
XRONOS	21200	26.426063440645553
XRONOS	21100	27.204759618269502
XRONOS	21000	28.874186456008193
XRONOS	20900	31.996675003913403
XRONOS	20800	33.71533900172803
XRONOS	20700	33.88470501584691
XRONOS	20600	33.97003645550757
XRONOS	20500	35.545461417149006
XRONOS	20400	34.99563184336214
XRONOS	20300	32.15028573278572
XRONOS	20200	31.56561916874796
XRONOS	20100	31.513554689432567
XRONOS	20000	32.36696326004248
XRONOS	19900	33.04237571746263
XRONOS	19800	31.687677304799458
XRONOS	19700	31.625699014110968
XRONOS	19600	32.99605011177049
XRONOS	19500	40.03237212291638
XRONOS	19400	40.36860008223544
XRONOS	19300	40.30573598973786
XRONOS	19200	40.44887232436322
XRONOS	19100	45.71271610279583
XRONOS	19000	52.48594643298836
XRONOS	18900	59.538565039086286
XRONOS	18800	60.27199113374716
XRONOS	18700	53.92410773755643
XRONOS	18600	51.702252261573
XRONOS	18500	51.513768314873886
XRONOS	18400	46.94624540607974
XRONOS	18300	53.021476056834906
XRONOS	18200	70.84015816391704
XRONOS	18100	58.08604760632772
XRONOS	18000	55.26731299505835
XRONOS	17900	52.15748259953174
XRONOS	17800	48.53166012573513
XRONOS	17700	47.69536105306201
XRONOS	17600	47.62945867456416
XRONOS	17500	48.03344249373576
XRONOS	17400	55.21528233774647
XRONOS	17300	63.28710575628985
XRONOS	17200	63.79962283025417
XRONOS	17100	64.44463874519742
XRONOS	17000	67.98864586970375
XRONOS	16900	62.93596091103159
XRONOS	16800	60.70172831050392
XRONOS	16700	59.42264213792136
XRONOS	16600	58.60930419692309
XRONOS	16500	58.883375608491995
XRONOS	16400	59.76689359365393
XRONOS	16300	61.78994248476457
XRONOS	16200	63.61041359048339
XRONOS	16100	64.47628512403757
XRONOS	16000	66.49490468074164
XRONOS	15900	71.48648621030527
XRONOS	15800	77.58801446949397
XRONOS	15700	85.1844377178348
XRONOS	15600	91.09451603574784
XRONOS	15500	94.72064682468483
XRONOS	15400	95.93054733598632
XRONOS	15300	99.54283620962056
XRONOS	15200	105.91975936221006
XRONOS	15100	119.44456926111224
XRONOS	15000	123.0180735977905
XRONOS	14900	113.112717112751
XRONOS	14800	113.64225499010482
XRONOS	14700	111.70533157181464
XRONOS	14600	110.19055928930612
XRONOS	14500	110.91174762025037
XRONOS	14400	113.40071638407828
XRONOS	14300	128.92606899538802
XRONOS	14200	141.27696482335898
XRONOS	14100	171.11294901481685
XRONOS	14000	152.65660798772575
XRONOS	13900	152.3736583633141
XRONOS	13800	157.4744956793417
XRONOS	13700	164.7877269813171
XRONOS	13600	165.9174074636845
XRONOS	13500	181.8860862153937
XRONOS	13400	187.07431942419012
XRONOS	13300	171.4697279878933
XRONOS	13200	175.17771949727558
XRONOS	13100	237.55066687971816
XRONOS	13000	231.2009132916832
XRONOS	12900	239.35907397929856
XRONOS	12800	331.27480465135034
XRONOS	12700	275.1545476832074
XRONOS	12600	180.73626540822224
XRONOS	12500	190.8454865664946
XRONOS	12400	144.2274034733687
XRONOS	12300	150.25178391849846
XRONOS	12200	154.02282579766853
XRONOS	12100	144.05974592721523
XRONOS	12000	154.74127795363538
XRONOS	11900	185.18773708107375
XRONOS	11800	185.80164383161903
XRONOS	11700	180.31059995292304
XRONOS	11600	196.89969723498535
XRONOS	11500	190.64272078534137
XRONOS	11400	205.63506991074576
XRONOS	11300	278.6488432751231
XRONOS	11200	311.9946636127719
XRONOS	11100	230.3965836257124
XRONOS	11000	257.3421943600286
XRONOS	10900	230.04941512609716
XRONOS	10800	244.0631228231594
XRONOS	10700	297.9450611496018
XRONOS	10600	323.52421962668006
XRONOS	10500	365.1035952897027
XRONOS	10400	400.6687284955415
XRONOS	10300	425.69496738519274
XRONOS	10200	522.6845897921227
XRONOS	10100	333.91548117522416
XRONOS	10000	346.3453934290462
XRONOS	9900	330.27491293639684
XRONOS	9800	339.9257230698952
XRONOS	9700	394.6934447914064
XRONOS	9600	554.4080820210305
XRONOS	9500	715.5897485248313
XRONOS	9400	483.1089037363937
XRONOS	9300	471.51708777415666
XRONOS	9200	433.8549023093896
XRONOS	9100	448.2083786129113
XRONOS	9000	476.5401975846376
XRONOS	8900	481.2922447571902
XRONOS	8800	484.67799809733856
XRONOS	8700	532.6695515517767
XRONOS	8600	622.0325935059867
XRONOS	8500	735.5667188101394
XRONOS	8400	688.2749347598462
XRONOS	8300	649.203235017949
XRONOS	8200	642.3567335096275
XRONOS	8100	797.1468454493106
XRONOS	8000	927.7123938887062
XRONOS	7900	826.3163884449513
XRONOS	7800	799.2507304483246
XRONOS	7700	1011.6567930412774
XRONOS	7600	1193.8692183166
XRONOS	7500	1247.7828861764117
XRONOS	7400	995.8884808539976
XRONOS	7300	898.0498840187761
XRONOS	7200	1154.137563770062
XRONOS	7100	1262.786365434767
XRONOS	7000	1161.4531312854335
XRONOS	6900	1042.7180265244149
XRONOS	6800	1087.6192358813485
XRONOS	6700	1430.919485992961
XRONOS	6600	1362.593782516274
XRONOS	6500	1363.4067157453426
XRONOS	6400	1559.3885341709042
XRONOS	6300	1587.8429102751866
XRONOS	6200	1679.9669390826914
XRONOS	6100	1377.5565344224997
XRONOS	6000	1351.5783093669686
XRONOS	5900	1409.8853099341954
XRONOS	5800	1413.2540726867785
XRONOS	5700	1760.1735919535386
XRONOS	5600	1848.9589270842805
XRONOS	5500	2480.3388753110803
XRONOS	5400	2385.466836137756
XRONOS	5300	1718.513658832532
XRONOS	5200	1586.5622852061365
XRONOS	5100	1561.1700996279867
XRONOS	5000	1692.1620493219064
XRONOS	4900	2564.8360911596756
XRONOS	4800	2117.7210521208917
XRONOS	4700	2254.453497710489
XRONOS	4600	2125.1803023846264
XRONOS	4500	2518.7102622448724
XRONOS	4400	1836.2611145809913
XRONOS	4300	1841.4401845391296
XRONOS	4200	1977.2812899046205
XRONOS	4100	2019.235418305509
XRONOS	4000	2485.067897436609
XRONOS	3900	3219.2059870516587
XRONOS	3800	2279.1143345822343
XRONOS	3700	2188.577501240164
XRONOS	3600	2074.9891936585686
XRONOS	3500	2689.5168673289745
XRONOS	3400	3308.921999346001
XRONOS	3300	3032.52130690859
XRONOS	3200	2351.929772168558
XRONOS	3100	2231.923533489261
XRONOS	3000	2312.8518618010926
XRONOS	2900	2603.4905905659843
XRONOS	2800	3399.7606003004776
XRONOS	2700	2327.1049151347233
XRONOS	2600	1766.225111353397
XRONOS	2500	1946.0731036976836
XRONOS	2400	2085.33341041581
XRONOS	2300	2243.9872362261185
XRONOS	2200	2462.581593782451
XRONOS	2100	2174.600300159532
XRONOS	2000	2157.120753243005
XRONOS	1900	2628.228803833117
XRONOS	1800	3039.173517085321
XRONOS	1700	2783.686870634899
XRONOS	1600	2941.750719888934
XRONOS	1500	3147.554464532732
XRONOS	1400	3280.157385035012
XRONOS	1300	3649.9563593544167
XRONOS	1200	4271.835487677768
XRONOS	1100	4571.471173312031
XRONOS	1000	5005.904998847217
XRONOS	900	4366.016204320928
XRONOS	800	4481.955993889305
XRONOS	700	6202.377551297795
XRONOS	600	6690.002453028288
XRONOS	500	4100.38976400723
XRONOS	400	2831.397754257387
XRONOS	300	1558.5941028192303
XRONOS	200	1142.591770322307
XRONOS	100	1296.5029761110925
XRONOS	0	1196.0749240807595
